{"accuracy": [0.8030333518981934, 0.845216691493988, 0.8548666834831238, 0.8586333394050598, 0.8624500036239624, 0.8637666702270508, 0.8676833510398865, 0.8712999820709229, 0.8716999888420105, 0.8750500082969666, 0.8757666945457458, 0.8784999847412109, 0.8788999915122986, 0.8798666596412659, 0.880816638469696, 0.8891333341598511, 0.8919666409492493, 0.8939833045005798, 0.8939499855041504, 0.8981000185012817, 0.8998333215713501, 0.9004166722297668, 0.9003833532333374, 0.9024500250816345, 0.9034000039100647, 0.9031833410263062, 0.9047166705131531, 0.9071333408355713, 0.9074833393096924, 0.907800018787384, 0.9090333580970764, 0.9099500179290771, 0.9113333225250244], "val_accuracy": [0.8341000080108643, 0.8427000045776367, 0.8514000177383423, 0.8540999889373779, 0.854200005531311, 0.8568999767303467, 0.8561999797821045, 0.8622000217437744, 0.8608999848365784, 0.8622999787330627, 0.8652999997138977, 0.8654000163078308, 0.8658000230789185, 0.8644999861717224, 0.8644000291824341, 0.8743000030517578, 0.8725000023841858, 0.8733999729156494, 0.8738999962806702, 0.8741999864578247, 0.8748999834060669, 0.8779000043869019, 0.8755999803543091, 0.8762000203132629, 0.8791000247001648, 0.8779000043869019, 0.8795999884605408, 0.8799999952316284, 0.8772000074386597, 0.8795999884605408, 0.8788999915122986, 0.8787000179290771, 0.8805000185966492], "loss": [0.5589048862457275, 0.42675143480300903, 0.3964434862136841, 0.3841830790042877, 0.3731113374233246, 0.37017250061035156, 0.35881757736206055, 0.35018622875213623, 0.3459348678588867, 0.3377268314361572, 0.3354104161262512, 0.3303736746311188, 0.32584819197654724, 0.3238879442214966, 0.3207246661186218, 0.29772573709487915, 0.29337334632873535, 0.28597375750541687, 0.2836851179599762, 0.2740437388420105, 0.2693408131599426, 0.2665455639362335, 0.26583459973335266, 0.26321926712989807, 0.2611183226108551, 0.2593395411968231, 0.25713545083999634, 0.2513684630393982, 0.24811825156211853, 0.24843309819698334, 0.24649973213672638, 0.24281615018844604, 0.24023601412773132], "val_loss": [0.45899754762649536, 0.42493966221809387, 0.40894269943237305, 0.40163448452949524, 0.411023885011673, 0.3939005434513092, 0.3982303738594055, 0.3824236989021301, 0.39258065819740295, 0.38867491483688354, 0.3782580494880676, 0.37671107053756714, 0.38671746850013733, 0.388467013835907, 0.38349097967147827, 0.3544231057167053, 0.35740426182746887, 0.3642491400241852, 0.36030474305152893, 0.35474565625190735, 0.3521861433982849, 0.3528115153312683, 0.3539728820323944, 0.350789874792099, 0.3516603410243988, 0.3542137145996094, 0.3560415208339691, 0.34939947724342346, 0.3531363010406494, 0.3524039685726166, 0.3532716929912567, 0.35090604424476624, 0.3520476222038269]}