{"accuracy": [0.747783362865448, 0.8428666591644287, 0.868149995803833, 0.8805833458900452, 0.8892499804496765, 0.8970166444778442, 0.9005166888237, 0.9062333106994629, 0.909500002861023, 0.9128666520118713, 0.9172166585922241, 0.9201499819755554, 0.923550009727478, 0.926716685295105, 0.9298333525657654, 0.932533323764801, 0.9351166486740112, 0.9367499947547913, 0.9403666853904724, 0.9435333609580994, 0.9528666734695435, 0.9542833566665649, 0.9547666907310486, 0.9560333490371704, 0.9617499709129333, 0.9631166458129883, 0.9639833569526672, 0.9647833108901978, 0.9674833416938782, 0.9678166508674622], "val_accuracy": [0.8062000274658203, 0.8562999963760376, 0.8658000230789185, 0.8780999779701233, 0.8823000192642212, 0.8913999795913696, 0.8955000042915344, 0.8877000212669373, 0.8988000154495239, 0.9041000008583069, 0.8996000289916992, 0.9057999849319458, 0.9067000150680542, 0.9068999886512756, 0.9028000235557556, 0.9121000170707703, 0.9111999869346619, 0.9135000109672546, 0.9132000207901001, 0.9103999733924866, 0.9161999821662903, 0.9161999821662903, 0.916700005531311, 0.9179999828338623, 0.9182999730110168, 0.9190999865531921, 0.9199000000953674, 0.9162999987602234, 0.9199000000953674, 0.9196000099182129], "loss": [0.7073277831077576, 0.43305402994155884, 0.3690110146999359, 0.3322199881076813, 0.30593401193618774, 0.28690779209136963, 0.27386224269866943, 0.2582624554634094, 0.24739661812782288, 0.23770757019519806, 0.2266203761100769, 0.21649868786334991, 0.2087186723947525, 0.20036807656288147, 0.19293132424354553, 0.1833980679512024, 0.1768435388803482, 0.17060452699661255, 0.16026167571544647, 0.1539333164691925, 0.13394179940223694, 0.1281304955482483, 0.1247144266963005, 0.12115087360143661, 0.10906284302473068, 0.10657477378845215, 0.10422715544700623, 0.1018943265080452, 0.09571737796068192, 0.09470269083976746], "val_loss": [0.5194589495658875, 0.40113845467567444, 0.38013193011283875, 0.34034720063209534, 0.33681583404541016, 0.3060598075389862, 0.2966439425945282, 0.30542227625846863, 0.2809666693210602, 0.272646963596344, 0.2853509783744812, 0.2699004113674164, 0.265949547290802, 0.25905275344848633, 0.2657454013824463, 0.2540872395038605, 0.2495887726545334, 0.2503328323364258, 0.2517354190349579, 0.25506383180618286, 0.2483978569507599, 0.2536214590072632, 0.251239538192749, 0.24876657128334045, 0.24799135327339172, 0.24841374158859253, 0.25116729736328125, 0.2565693259239197, 0.25271421670913696, 0.24992680549621582]}